{
  "rmse": 7.632462501525879,
  "r2": -0.0003565549850463867
}